<?xml version="1.0" encoding="UTF-8"?>
<project-private xmlns="http://www.netbeans.org/ns/project-private/1">
    <editor-bookmarks xmlns="http://www.netbeans.org/ns/editor-bookmarks/2" lastBookmarkId="0"/>
    <open-files xmlns="http://www.netbeans.org/ns/projectui-open-files/2">
        <group>
            <file>file:/H:/College/Year2/Semester1/OOP/IrishVote-master/IrishVote-master/ElectionApp_v0.2/src/electionapp/MainGUI.java</file>
            <file>file:/H:/College/Year2/Semester1/OOP/IrishVote-master/IrishVote-master/ElectionApp_v0.2/src/electionapp/AdminGUI.java</file>
            <file>file:/H:/College/Year2/Semester1/OOP/IrishVote-master/IrishVote-master/ElectionApp_v0.2/src/electionapp/Admin.java</file>
        </group>
    </open-files>
</project-private>
